Gender,Married,Dependents,Education,Self_Employed,ApplicantIncome,CoapplicantIncome,LoanAmount,Loan_Amount_Term,Credit_History,Property_Area_Rural,Property_Area_Semiurban,Property_Area_Urban
0.0,0.0,0.5,0.0,0.0,0.2451121455776555,0.18795073782314434,0.0,0.0,0.0,1.0,0.0,0.0
0.0,0.0,0.0,0.0,1.0,-0.29081675835801946,-0.48130478198158216,-0.8857142857142857,0.0,0.0,0.0,0.0,1.0
0.0,0.0,0.0,1.0,0.0,-0.43199322894625475,0.565183623654721,-0.11428571428571428,0.0,0.0,0.0,0.0,1.0
0.0,-1.0,0.0,0.0,0.0,0.7248413034278459,-0.48130478198158216,0.18571428571428572,0.0,0.0,0.0,0.0,1.0
0.0,0.0,1.0,0.0,1.0,0.5274650867541261,1.3808942638411184,1.9857142857142858,0.0,0.0,0.0,0.0,1.0
0.0,0.0,0.0,1.0,0.0,-0.5166314007617435,0.19150116498391212,-0.4714285714285714,0.0,0.0,0.0,0.0,1.0
0.0,0.0,1.5,0.0,0.0,-0.27862886161658906,0.629978919338733,0.42857142857142855,0.0,-1.0,0.0,1.0,0.0
0.0,0.0,1.0,0.0,0.0,0.04976724502750741,0.19593919893487186,0.5714285714285714,0.0,0.0,0.0,0.0,1.0
0.0,0.0,0.5,0.0,0.0,3.0408802369868813,4.386330855431044,3.157142857142857,0.0,0.0,0.0,1.0,0.0
0.0,0.0,1.0,0.0,0.0,-0.22310622090562843,-0.17064240541440143,-0.8285714285714286,0.0,0.0,0.0,0.0,1.0
0.0,0.0,1.0,0.0,0.0,-0.26610241218789676,3.1161655386663707,1.0285714285714285,0.0,0.0,0.0,0.0,1.0
0.0,-1.0,0.0,0.0,0.0,-0.679136690647482,0.7790968600909797,-0.2,0.0,0.0,1.0,0.0,0.0
0.0,0.0,1.0,0.0,0.0,-0.8666948793906052,0.0006657050926439587,-1.5857142857142856,-240.0,0.0,0.0,0.0,1.0
0.0,-1.0,0.0,0.0,0.0,0.3693609818027931,-0.48130478198158216,-0.04285714285714286,0.0,0.0,0.0,0.0,1.0
-1.0,-1.0,0.0,0.0,0.0,-0.11815488785442234,-0.48130478198158216,-0.7428571428571429,0.0,-1.0,0.0,0.0,1.0
0.0,0.0,0.0,1.0,0.0,0.3480321625052899,-0.48130478198158216,0.07142857142857142,0.0,0.0,1.0,0.0,0.0
0.0,0.0,0.0,1.0,0.0,1.2868387642826915,-0.48130478198158216,-0.34285714285714286,0.0,-1.0,0.0,0.0,1.0
0.0,0.0,0.5,0.0,0.0,0.7096064325010579,2.015089315433263,2.6714285714285713,0.0,0.0,0.0,0.0,1.0
0.0,0.0,0.0,1.0,0.0,-0.4262378332628015,0.36680350604682127,-0.17142857142857143,0.0,-1.0,0.0,1.0,0.0
0.0,0.0,0.0,0.0,1.0,1.9300888700804062,-0.48130478198158216,0.9,0.0,0.0,0.0,1.0,0.0
0.0,0.0,0.0,0.0,0.0,-0.35886584849767245,0.5185842671696439,-0.08571428571428572,0.0,0.0,0.0,1.0,0.0
0.0,0.0,1.0,1.0,0.0,0.12424883622513754,-0.019749251081770777,-0.2571428571428571,0.0,0.0,0.0,0.0,1.0
0.0,-1.0,0.0,1.0,0.0,-0.8182818451121455,-0.48130478198158216,-1.3285714285714285,0.0,0.0,0.0,0.0,1.0
0.0,-1.0,0.0,0.0,0.0,-0.23427845958527296,-0.48130478198158216,-0.7714285714285715,0.0,0.0,0.0,0.0,1.0
0.0,-1.0,0.5,0.0,1.0,0.2820143884892086,-0.48130478198158216,-0.3142857142857143,0.0,0.0,1.0,0.0,0.0
0.0,0.0,0.0,0.0,0.0,-0.1215404147270419,0.258515477643404,-0.2,0.0,0.0,0.0,1.0,0.0
0.0,-1.0,1.5,0.0,0.0,2.9254337706305544,0.8501054033063353,2.742857142857143,0.0,0.0,1.0,0.0,0.0
-1.0,0.0,0.0,0.0,0.0,-0.06500211595429539,0.1662043714634417,0.22857142857142856,0.0,0.0,0.0,1.0,0.0
0.0,-1.0,0.0,0.0,0.0,0.10393567498942023,2.7185176966603795,0.8,0.0,0.0,0.0,0.0,1.0
0.0,-1.0,0.0,1.0,0.0,-0.03757934828607702,0.25895928103849997,-0.2571428571428571,0.0,0.0,0.0,1.0,0.0
0.0,-1.0,0.0,0.0,0.0,-0.08768514600084638,-0.48130478198158216,-0.6857142857142857,0.0,0.0,0.0,0.0,1.0
0.0,-1.0,0.0,0.0,0.0,-0.6970799830723656,0.057028736269832465,-1.1571428571428573,0.0,0.0,0.0,0.0,1.0
0.0,0.0,0.0,0.0,0.0,0.02776132035548032,0.5554199489626096,0.08571428571428572,0.0,0.0,0.0,1.0,0.0
0.0,0.0,0.5,0.0,0.0,0.6060093101988997,-0.48130478198158216,-1.2,0.0,0.0,0.0,0.0,1.0
0.0,0.0,0.0,0.0,0.0,0.664240372407956,-0.48130478198158216,0.22857142857142856,0.0,0.0,0.0,0.0,1.0
-1.0,0.0,0.0,0.0,0.0,-0.4110029623360135,1.0453788971485631,-0.11428571428571428,0.0,-1.0,0.0,0.0,1.0
-1.0,-1.0,0.0,0.0,0.0,0.04773592890393567,0.5283479418617553,0.22857142857142856,0.0,0.0,0.0,1.0,0.0
-1.0,0.0,0.0,1.0,0.0,-0.6537452391028353,0.24830799955619662,-0.4,0.0,0.0,0.0,1.0,0.0
-1.0,-1.0,0.0,0.0,0.0,-0.2617012272534913,-0.48130478198158216,-0.11428571428571428,0.0,0.0,0.0,1.0,0.0
-1.0,-1.0,0.0,0.0,0.0,0.12560304697418537,-0.48130478198158216,-0.22857142857142856,0.0,0.0,0.0,1.0,0.0
0.0,0.0,1.0,0.0,0.0,0.25628438425730005,-0.48130478198158216,0.08571428571428572,0.0,0.0,0.0,0.0,1.0
-1.0,0.0,0.5,0.0,1.0,2.586881083368599,-0.48130478198158216,2.257142857142857,0.0,-1.0,0.0,0.0,1.0
0.0,0.0,1.0,0.0,0.0,-0.3896741430385104,0.03661378009541773,-0.44285714285714284,0.0,0.0,0.0,1.0,0.0
0.0,0.0,0.0,0.0,0.0,-0.5846804909013965,0.22478641961611007,-0.45714285714285713,0.0,0.0,0.0,1.0,0.0
0.0,0.0,0.0,0.0,0.0,-0.1669064748201439,0.4950626872295573,0.1,0.0,0.0,1.0,0.0,0.0
0.0,0.0,0.5,0.0,0.0,1.4290308929327127,0.517252856984356,0.7428571428571429,0.0,0.0,0.0,0.0,1.0
0.0,0.0,1.0,1.0,0.0,-0.1699534490055015,0.7875291245978032,0.22857142857142856,0.0,0.0,0.0,0.0,1.0
0.0,0.0,0.0,0.0,0.0,-0.46009310198899706,1.2033729058027294,-0.11428571428571428,0.0,0.0,0.0,0.0,1.0
0.0,0.0,1.5,0.0,0.0,-0.2809987304274228,-0.48130478198158216,-0.4142857142857143,0.0,0.0,0.0,0.0,1.0
0.0,0.0,0.0,1.0,1.0,-0.4231908590774439,1.049373127704427,0.5285714285714286,-180.0,-1.0,1.0,0.0,0.0
-1.0,-1.0,0.0,0.0,0.0,0.10393567498942023,-0.48130478198158216,-0.17142857142857143,0.0,-1.0,0.0,1.0,0.0
0.0,0.0,0.0,0.0,0.0,0.6320778671180702,1.5579718184844114,1.8571428571428572,0.0,0.0,0.0,1.0,0.0
0.0,-1.0,0.0,1.0,0.0,-0.22310622090562843,0.5190280705647399,-0.02857142857142857,-180.0,-1.0,0.0,0.0,1.0
0.0,0.0,0.5,0.0,0.0,2.3329665679221328,-0.48130478198158216,2.6285714285714286,0.0,0.0,0.0,0.0,1.0
0.0,0.0,1.5,1.0,1.0,1.0972492594159966,-0.48130478198158216,-0.04285714285714286,-300.0,0.0,0.0,0.0,1.0
-1.0,-1.0,0.0,0.0,0.0,0.14930173508252223,-0.48130478198158216,0.11428571428571428,0.0,-1.0,0.0,1.0,0.0
0.0,0.0,0.0,0.0,0.0,-0.2203977994075328,0.8793964273826694,0.6285714285714286,0.0,0.0,0.0,0.0,1.0
0.0,0.0,1.0,1.0,1.0,-0.671688531527719,0.35082658382336623,-0.44285714285714284,0.0,0.0,0.0,1.0,0.0
0.0,-1.0,0.0,0.0,0.0,-0.1215404147270419,-0.48130478198158216,-0.6714285714285714,-60.0,0.0,0.0,1.0,0.0
0.0,0.0,1.5,0.0,1.0,0.4763436309775709,0.306002440918673,0.8428571428571429,0.0,0.0,0.0,1.0,0.0
0.0,-1.0,0.0,0.0,0.0,-0.03690224291155311,-0.48130478198158216,-0.21428571428571427,120.0,0.0,0.0,0.0,1.0
0.0,-1.0,0.0,0.0,0.0,-0.03690224291155311,1.6267613447242872,0.6857142857142857,0.0,0.0,0.0,0.0,1.0
0.0,0.0,0.5,0.0,1.0,-0.9679221328819297,0.8598690779984467,-0.2571428571428571,0.0,0.0,0.0,0.0,1.0
0.0,0.0,1.5,0.0,0.0,-0.23427845958527296,1.2939087984023079,0.7428571428571429,-60.0,-1.0,0.0,1.0,0.0
-1.0,-1.0,0.0,0.0,0.0,-0.004401184934405417,-0.48130478198158216,-0.24285714285714285,0.0,0.0,0.0,1.0,0.0
-1.0,0.0,1.0,0.0,0.0,-0.8399492170969107,0.3534894041939421,0.5571428571428572,0.0,0.0,0.0,0.0,1.0
0.0,0.0,0.5,0.0,0.0,0.04367329665679221,-0.48130478198158216,-1.1142857142857143,-120.0,0.0,0.0,0.0,1.0
0.0,-1.0,0.0,0.0,0.0,-0.5054591620820991,0.6419616110063242,0.11428571428571428,0.0,0.0,0.0,1.0,0.0
0.0,0.0,0.0,0.0,0.0,-0.46009310198899706,0.45867080883168754,-0.34285714285714286,0.0,0.0,0.0,1.0,0.0
0.0,-1.0,0.0,0.0,0.0,1.5935674989420228,-0.48130478198158216,1.1714285714285715,0.0,0.0,0.0,0.0,1.0
0.0,0.0,0.0,0.0,0.0,0.6215827338129496,1.3680239653833353,0.6714285714285714,0.0,0.0,0.0,1.0,0.0
0.0,0.0,0.0,0.0,0.0,-0.30503597122302156,0.805725063796738,0.04285714285714286,0.0,0.0,0.0,1.0,0.0
0.0,0.0,1.0,0.0,0.0,0.8094794752433347,2.027959613891046,0.8571428571428571,-180.0,0.0,0.0,1.0,0.0
0.0,0.0,1.0,1.0,0.0,-0.1983918747355057,0.32641739709308776,-0.6714285714285714,0.0,0.0,0.0,0.0,1.0
0.0,-1.0,0.0,0.0,0.0,0.09276343630977571,-0.48130478198158216,-0.08571428571428572,0.0,0.0,0.0,1.0,0.0
0.0,-1.0,0.0,1.0,0.0,-0.08091409225560728,-0.48130478198158216,-1.4714285714285715,-240.0,0.0,0.0,1.0,0.0
-1.0,0.0,0.0,0.0,0.0,-0.46550994498518833,0.5403306335293465,0.12857142857142856,0.0,0.0,0.0,1.0,0.0
0.0,0.0,0.0,0.0,0.0,-0.6371561574269996,-0.038832797070897596,-1.1142857142857143,0.0,0.0,0.0,1.0,0.0
0.0,0.0,0.0,1.0,0.0,0.11138383410918325,-0.48130478198158216,-0.18571428571428572,-180.0,0.0,0.0,1.0,0.0
0.0,0.0,0.0,0.0,0.0,-0.7109606432501058,1.0902030400532563,0.04285714285714286,0.0,0.0,0.0,1.0,0.0
0.0,0.0,1.0,1.0,0.0,0.14523910283537875,0.9668256962165761,0.07142857142857142,-180.0,0.0,0.0,0.0,1.0
0.0,-1.0,0.0,0.0,0.0,0.33313584426576387,1.2078109397536891,0.32857142857142857,0.0,0.0,0.0,1.0,0.0
0.0,0.0,0.5,0.0,0.0,-0.2732120186203978,-0.0241872850327305,-0.4,0.0,0.0,0.0,0.0,1.0
0.0,0.0,1.0,0.0,0.0,2.558781210325857,0.018417840896482858,1.3857142857142857,0.0,0.0,0.0,0.0,1.0
0.0,0.0,1.0,0.0,0.0,-0.019974608548455352,1.1163874403639187,1.2571428571428571,0.0,-1.0,0.0,0.0,1.0
0.0,0.0,1.5,1.0,0.0,-0.6053322048243758,-0.1466770220792189,-0.4857142857142857,120.0,0.0,0.0,1.0,0.0
0.0,-1.0,0.0,0.0,0.0,0.4932712653406686,-0.48130478198158216,0.11428571428571428,0.0,0.0,0.0,0.0,1.0
0.0,0.0,0.5,0.0,0.0,3.630639018197207,-0.48130478198158216,0.8142857142857143,-180.0,0.0,1.0,0.0,0.0
-1.0,0.0,0.0,0.0,0.0,-0.23427845958527296,0.5318983690225231,0.37142857142857144,0.0,0.0,0.0,1.0,0.0
0.0,0.0,0.0,0.0,0.0,0.5785865425306813,0.4693220903139909,0.6714285714285714,0.0,0.0,1.0,0.0,0.0
-1.0,-1.0,0.0,0.0,0.0,2.217181548878544,-0.48130478198158216,1.8714285714285714,0.0,0.0,0.0,0.0,1.0
-1.0,-1.0,0.0,0.0,0.0,0.10393567498942023,-0.48130478198158216,-1.2,0.0,0.0,0.0,1.0,0.0
-1.0,-1.0,0.0,0.0,0.0,-0.5829877274650868,3.504049705980251,0.12857142857142856,0.0,-1.0,0.0,1.0,0.0
0.0,0.0,1.0,0.0,0.0,-0.3053745239102835,-0.48130478198158216,-0.6714285714285714,0.0,0.0,0.0,1.0,0.0
0.0,0.0,0.0,1.0,0.0,0.14930173508252223,0.41251525574170644,0.9428571428571428,0.0,0.0,1.0,0.0,0.0
0.0,0.0,0.5,0.0,1.0,2.2527295810410495,1.2273382891379119,0.45714285714285713,-180.0,-1.0,0.0,0.0,1.0
0.0,-1.0,0.0,0.0,0.0,-0.6246297079983072,0.3747919671585488,-0.7714285714285715,0.0,0.0,0.0,0.0,1.0
0.0,-1.0,0.0,0.0,0.0,-0.38628861616589083,-0.48130478198158216,-0.8285714285714286,0.0,0.0,0.0,1.0,0.0
0.0,0.0,0.0,0.0,1.0,-0.13542107490478206,-0.48130478198158216,-1.4714285714285715,-240.0,0.0,0.0,1.0,0.0
0.0,-1.0,0.0,0.0,0.0,0.35074058400338554,-0.48130478198158216,-0.37142857142857144,0.0,0.0,0.0,1.0,0.0
0.0,0.0,1.5,0.0,0.0,0.04773592890393567,2.9581715300122045,2.3142857142857145,0.0,0.0,0.0,1.0,0.0
-1.0,0.0,0.0,0.0,0.0,0.2451121455776555,-0.48130478198158216,-0.6285714285714286,0.0,0.0,1.0,0.0,0.0
0.0,0.0,1.0,0.0,1.0,-0.18383410918324164,1.0720071008543215,-0.5714285714285714,0.0,0.0,0.0,0.0,1.0
0.0,-1.0,0.0,0.0,0.0,3.77147693609818,-0.48130478198158216,1.6285714285714286,0.0,-1.0,0.0,1.0,0.0
0.0,0.0,1.0,1.0,0.0,0.1154464663563267,0.1533340730056585,0.014285714285714285,0.0,0.0,1.0,0.0,0.0
0.0,0.0,1.0,0.0,0.0,0.40050782903089294,0.44313769000332853,0.8142857142857143,0.0,0.0,1.0,0.0,0.0
0.0,-1.0,0.0,0.0,0.0,0.5274650867541261,-0.48130478198158216,0.5714285714285714,0.0,0.0,0.0,0.0,1.0
0.0,-1.0,0.0,0.0,1.0,1.0464663563267034,-0.48130478198158216,0.6714285714285714,-180.0,0.0,0.0,1.0,0.0
0.0,0.0,0.0,0.0,0.0,-0.3930596699111299,0.42139132364362586,-0.08571428571428572,0.0,0.0,0.0,1.0,0.0
0.0,0.0,1.0,0.0,0.0,2.673889123994922,-0.48130478198158216,0.8428571428571429,-180.0,0.0,0.0,0.0,1.0
-1.0,0.0,0.0,0.0,0.0,-0.5176470588235295,1.5095972484189504,-0.4,0.0,0.0,0.0,1.0,0.0
-1.0,0.0,1.0,0.0,0.0,3.7264494286923404,-0.48130478198158216,-0.8285714285714286,0.0,0.0,0.0,0.0,1.0
0.0,0.0,0.5,0.0,0.0,-0.7857807871349979,0.15111505603017863,-1.4,0.0,0.0,0.0,0.0,1.0
-1.0,-1.0,0.0,0.0,0.0,2.0790520524756664,0.258071674248308,1.3857142857142857,0.0,0.0,1.0,0.0,0.0
0.0,0.0,0.0,0.0,0.0,0.3388912399492171,-0.112947964051925,-0.04285714285714286,0.0,0.0,0.0,1.0,0.0
0.0,-1.0,0.0,0.0,0.0,0.8186203977994075,-0.48130478198158216,-0.14285714285714285,0.0,-1.0,1.0,0.0,0.0
0.0,0.0,0.0,0.0,1.0,-0.4340245450698265,1.1829579496283147,0.34285714285714286,0.0,0.0,1.0,0.0,0.0
0.0,-1.0,0.0,0.0,0.0,1.796699111299196,-0.48130478198158216,1.6571428571428573,0.0,0.0,0.0,0.0,1.0
0.0,0.0,1.0,1.0,0.0,-0.5342361404993652,-0.48130478198158216,-0.21428571428571427,0.0,0.0,1.0,0.0,0.0
0.0,-1.0,0.0,0.0,0.0,-0.20482437579348287,-0.48130478198158216,-1.1142857142857143,0.0,0.0,0.0,0.0,1.0
0.0,0.0,1.5,0.0,0.0,12.235294117647058,-0.48130478198158216,6.742857142857143,-180.0,-1.0,0.0,1.0,0.0
0.0,0.0,0.5,0.0,0.0,1.9226407109606432,-0.48130478198158216,0.8428571428571429,0.0,0.0,0.0,0.0,1.0
0.0,0.0,0.0,0.0,0.0,0.2451121455776555,2.015089315433263,1.8142857142857143,0.0,0.0,0.0,1.0,0.0
0.0,0.0,0.0,1.0,0.0,-0.6757511637748624,-0.019305447686674804,-0.42857142857142855,0.0,0.0,0.0,1.0,0.0
0.0,0.0,0.0,0.0,0.0,1.3792636479052052,-0.48130478198158216,2.1,0.0,0.0,0.0,0.0,1.0
0.0,0.0,0.5,0.0,0.0,-0.26068556919170544,0.08676356374126262,-0.1,0.0,-1.0,0.0,1.0,0.0
0.0,0.0,1.0,0.0,0.0,0.10427422767668218,0.16087873072229003,0.42857142857142855,0.0,0.0,1.0,0.0,0.0
0.0,0.0,0.0,0.0,0.0,1.849851883199323,-0.48130478198158216,-0.7571428571428571,-180.0,0.0,0.0,0.0,1.0
-1.0,0.0,0.0,0.0,0.0,0.2451121455776555,-0.48130478198158216,-0.22857142857142856,0.0,0.0,1.0,0.0,0.0
0.0,0.0,0.0,0.0,0.0,-0.4807448159119763,0.9978919338732941,0.014285714285714285,0.0,0.0,1.0,0.0,0.0
0.0,-1.0,0.0,0.0,0.0,-0.5491324587388913,-0.48130478198158216,-0.9285714285714286,120.0,-1.0,0.0,1.0,0.0
0.0,0.0,1.0,0.0,0.0,1.4019466779517562,-0.48130478198158216,1.0285714285714285,0.0,0.0,0.0,1.0,0.0
0.0,0.0,1.5,1.0,0.0,-0.11409225560727888,-0.48130478198158216,-0.6714285714285714,-180.0,0.0,1.0,0.0,0.0
0.0,0.0,0.0,0.0,0.0,0.625983918747355,2.015089315433263,0.8428571428571429,0.0,0.0,0.0,1.0,0.0
0.0,0.0,0.0,1.0,1.0,0.16419805332204823,-0.15466548319094642,-0.5857142857142857,0.0,0.0,0.0,1.0,0.0
0.0,0.0,0.0,0.0,0.0,-0.12255607278882776,0.3903250859869078,-0.17142857142857143,0.0,0.0,1.0,0.0,0.0
0.0,0.0,1.0,0.0,0.0,-0.6141345746931867,0.2372129146787973,-0.38571428571428573,0.0,0.0,1.0,0.0,0.0
0.0,0.0,1.5,0.0,0.0,0.5609818027930596,4.533673582602907,5.242857142857143,0.0,-1.0,0.0,1.0,0.0
0.0,0.0,0.5,0.0,0.0,-0.03690224291155311,-0.48130478198158216,-0.17142857142857143,0.0,0.0,0.0,1.0,0.0
0.0,-1.0,0.0,1.0,0.0,-0.5166314007617435,0.1626539443026739,-0.37142857142857144,120.0,-1.0,0.0,0.0,1.0
0.0,0.0,0.5,0.0,0.0,0.860262378332628,2.7362698324642185,0.7428571428571429,0.0,-1.0,0.0,0.0,1.0
0.0,0.0,0.0,0.0,0.0,0.2508675412611088,-0.48130478198158216,-0.7857142857142857,-180.0,0.0,0.0,1.0,0.0
0.0,0.0,0.5,0.0,0.0,10.15217943292425,-0.48130478198158216,1.8857142857142857,0.0,0.0,0.0,1.0,0.0
-1.0,0.0,0.0,0.0,0.0,-0.0792213288192975,-0.48130478198158216,-0.2857142857142857,0.0,0.0,0.0,1.0,0.0
0.0,0.0,0.0,0.0,1.0,11.946847228099873,1.6267613447242872,-0.11428571428571428,0.0,0.0,0.0,1.0,0.0
0.0,0.0,0.5,0.0,1.0,-0.5691070672873466,-0.48130478198158216,-0.8857142857142857,-60.0,-1.0,1.0,0.0,0.0
0.0,0.0,0.0,0.0,0.0,1.8515446466356327,-0.48130478198158216,0.8571428571428571,-180.0,0.0,1.0,0.0,0.0
0.0,-1.0,0.0,1.0,0.0,0.347355057130766,-0.48130478198158216,-1.1428571428571428,0.0,0.0,1.0,0.0,0.0
0.0,-1.0,0.0,0.0,0.0,2.756157426999577,-0.48130478198158216,0.5142857142857142,0.0,0.0,0.0,1.0,0.0
0.0,0.0,0.0,1.0,0.0,0.7360135421074905,-0.48130478198158216,0.45714285714285713,0.0,0.0,0.0,0.0,1.0
0.0,-1.0,0.0,0.0,0.0,-0.00033855268726195513,-0.48130478198158216,-0.7428571428571429,0.0,0.0,0.0,1.0,0.0
0.0,-1.0,0.0,0.0,0.0,0.1123994921709691,-0.48130478198158216,-0.11428571428571428,0.0,0.0,1.0,0.0,0.0
0.0,0.0,0.5,0.0,0.0,-0.24849767245027507,0.6650393875513148,0.6,0.0,0.0,0.0,1.0,0.0
0.0,-1.0,0.0,0.0,0.0,1.5146847228099873,1.1829579496283147,0.8428571428571429,0.0,0.0,1.0,0.0,0.0
0.0,-1.0,0.0,0.0,1.0,2.4176047397376217,-0.48130478198158216,-0.6428571428571429,0.0,0.0,0.0,0.0,1.0
0.0,0.0,0.5,1.0,0.0,-0.4262378332628015,0.628203705758349,-0.5428571428571428,0.0,0.0,0.0,1.0,0.0
0.0,-1.0,1.0,0.0,0.0,0.3602200592467203,-0.48130478198158216,0.5428571428571428,0.0,-1.0,0.0,1.0,0.0
0.0,0.0,0.5,1.0,0.0,-0.1215404147270419,-0.0006657050926439587,0.1,0.0,0.0,0.0,0.0,1.0
0.0,0.0,1.0,1.0,0.0,0.019636055861193397,-0.48130478198158216,-0.05714285714285714,0.0,0.0,0.0,1.0,0.0
-1.0,-1.0,0.0,1.0,0.0,0.18586542530681338,-0.48130478198158216,-0.11428571428571428,0.0,0.0,0.0,1.0,0.0
-1.0,-1.0,0.0,0.0,0.0,-0.20820990266610243,-0.48130478198158216,-0.6857142857142857,0.0,0.0,0.0,0.0,1.0
0.0,-1.0,0.0,1.0,0.0,0.039272111722386795,0.6419616110063242,-1.042857142857143,0.0,0.0,1.0,0.0,0.0
0.0,-1.0,0.0,0.0,0.0,-0.4672027084214981,-0.48130478198158216,-0.9857142857142858,0.0,0.0,0.0,0.0,1.0
0.0,-1.0,0.0,0.0,0.0,-0.14930173508252223,-0.48130478198158216,-0.014285714285714285,0.0,0.0,0.0,1.0,0.0
-1.0,-1.0,0.0,0.0,0.0,2.0790520524756664,-0.48130478198158216,1.2285714285714286,0.0,0.0,0.0,1.0,0.0
0.0,0.0,1.5,0.0,0.0,-0.14523910283537875,0.07344946188838344,0.0,0.0,-1.0,0.0,1.0,0.0
0.0,0.0,0.5,0.0,1.0,1.3298349555649598,-0.48130478198158216,1.6,0.0,0.0,0.0,0.0,1.0
0.0,0.0,1.5,1.0,1.0,0.6242911553110453,-0.48130478198158216,0.02857142857142857,0.0,0.0,1.0,0.0,0.0
0.0,0.0,0.0,0.0,0.0,-0.23224714346170122,0.8594252746033507,0.12857142857142856,0.0,0.0,0.0,0.0,1.0
0.0,0.0,1.5,1.0,0.0,-0.003046974185357596,-0.04504604460224121,-0.4,0.0,0.0,0.0,1.0,0.0
0.0,0.0,0.0,0.0,0.0,-1.2556919170545917,0.3175413291911683,0.1,0.0,0.0,1.0,0.0,0.0
0.0,0.0,0.0,0.0,0.0,-0.04468895471857808,0.306446244313769,0.04285714285714286,0.0,0.0,0.0,1.0,0.0
0.0,0.0,0.0,0.0,0.0,-0.5545493017350825,-0.48130478198158216,-0.9714285714285714,0.0,-1.0,0.0,0.0,1.0
0.0,0.0,1.0,0.0,0.0,0.05078290308929327,0.2807056473982026,-0.17142857142857143,0.0,0.0,0.0,1.0,0.0
0.0,-1.0,0.0,0.0,0.0,-0.3006347862886162,0.757350493731277,0.22857142857142856,0.0,0.0,0.0,1.0,0.0
0.0,0.0,0.0,0.0,0.0,0.8094794752433347,-0.48130478198158216,0.0,0.0,0.0,0.0,1.0,0.0
0.0,0.0,0.0,0.0,0.0,-0.20617858654253068,-0.48130478198158216,0.6,0.0,0.0,1.0,0.0,0.0
0.0,0.0,1.0,0.0,0.0,0.8094794752433347,0.2709419727060912,1.1714285714285715,0.0,0.0,0.0,1.0,0.0
0.0,-1.0,0.0,0.0,1.0,0.860262378332628,-0.48130478198158216,1.0285714285714285,0.0,0.0,1.0,0.0,0.0
0.0,0.0,0.5,0.0,0.0,-0.46314007617435465,0.43026739154554533,-0.34285714285714286,0.0,0.0,0.0,1.0,0.0
-1.0,-1.0,0.0,0.0,0.0,1.5146847228099873,-0.48130478198158216,2.1714285714285713,0.0,0.0,0.0,1.0,0.0
0.0,0.0,0.5,0.0,0.0,-0.23834109183241642,0.3082214578941529,0.17142857142857143,0.0,0.0,0.0,1.0,0.0
0.0,0.0,0.5,0.0,0.0,0.5555649597968684,0.07788749583934317,0.6,0.0,0.0,1.0,0.0,0.0
-1.0,-1.0,0.5,0.0,0.0,-0.015911976301311893,-0.48130478198158216,-0.22857142857142856,0.0,0.0,1.0,0.0,0.0
0.0,0.0,0.5,0.0,0.0,-0.1841726618705036,-0.48130478198158216,-0.45714285714285713,0.0,0.0,0.0,1.0,0.0
0.0,0.0,1.0,0.0,0.0,0.663563267033432,1.7377121934982802,-0.11428571428571428,0.0,0.0,1.0,0.0,0.0
0.0,0.0,0.5,1.0,0.0,-0.4567075751163775,0.3987573504937313,0.17142857142857143,-180.0,0.0,0.0,0.0,1.0
0.0,-1.0,0.0,0.0,0.0,-0.3026661024121879,2.048818373460557,0.38571428571428573,-300.0,0.0,0.0,0.0,1.0
0.0,0.0,1.0,0.0,1.0,0.8094794752433347,0.09563963164318207,-0.2857142857142857,0.0,0.0,1.0,0.0,0.0
0.0,0.0,0.0,1.0,0.0,-0.15336436732966569,1.4789748141573282,-0.07142857142857142,0.0,0.0,0.0,1.0,0.0
0.0,-1.0,0.0,0.0,1.0,0.7417689377909437,1.4416953289692667,-0.11428571428571428,-180.0,0.0,0.0,0.0,1.0
0.0,0.0,1.0,0.0,0.0,1.9785019043588659,-0.48130478198158216,-0.22857142857142856,0.0,0.0,0.0,0.0,1.0
0.0,0.0,0.5,1.0,0.0,0.9306813372831146,-0.48130478198158216,0.12857142857142856,-180.0,0.0,0.0,0.0,1.0
0.0,0.0,0.5,0.0,0.0,-0.3307659754549302,0.3366248751802951,-0.07142857142857142,120.0,0.0,0.0,1.0,0.0
0.0,0.0,0.0,0.0,0.0,-0.694033008887008,0.34771996005769445,-0.5428571428571428,0.0,0.0,0.0,0.0,1.0
0.0,0.0,0.0,1.0,0.0,-0.7417689377909437,1.2450904249417507,1.042857142857143,0.0,-1.0,0.0,1.0,0.0
-1.0,-1.0,1.0,0.0,0.0,-0.14625476089716463,-0.48130478198158216,0.14285714285714285,0.0,0.0,0.0,0.0,1.0
0.0,-1.0,0.0,1.0,1.0,-0.43199322894625475,0.4804171751913902,-0.34285714285714286,0.0,0.0,1.0,0.0,0.0
0.0,0.0,0.5,1.0,0.0,-0.40558611933982225,2.6701431265949185,2.157142857142857,-180.0,0.0,0.0,1.0,0.0
0.0,-1.0,0.0,0.0,1.0,4.195006347862886,-0.48130478198158216,0.9142857142857143,0.0,-1.0,0.0,0.0,1.0
-1.0,-1.0,1.5,0.0,0.0,-0.2627168853152772,-0.48130478198158216,1.8142857142857143,0.0,0.0,1.0,0.0,0.0
0.0,-1.0,0.0,1.0,0.0,0.7400761743546339,-0.48130478198158216,-0.18571428571428572,0.0,-1.0,1.0,0.0,0.0
0.0,0.0,1.5,0.0,0.0,0.4709267879813796,-0.48130478198158216,-0.4857142857142857,0.0,0.0,0.0,0.0,1.0
0.0,0.0,0.0,0.0,0.0,3.6644942869234023,0.4506823477199601,2.5142857142857142,0.0,0.0,1.0,0.0,0.0
0.0,-1.0,0.0,0.0,0.0,-0.6090562843842573,0.49905691778542105,0.08571428571428572,0.0,0.0,0.0,1.0,0.0
-1.0,-1.0,0.5,0.0,0.0,-0.12797291578501904,-0.48130478198158216,0.38571428571428573,-324.0,0.0,0.0,1.0,0.0
-1.0,-1.0,0.0,0.0,0.0,1.131104528142192,-0.48130478198158216,-0.11428571428571428,0.0,0.0,1.0,0.0,0.0
0.0,-1.0,0.0,0.0,1.0,0.4424883622513754,-0.48130478198158216,0.0,0.0,0.0,0.0,1.0,0.0
0.0,-1.0,0.0,0.0,0.0,0.07989843419382141,1.048485520914235,0.32857142857142857,0.0,0.0,1.0,0.0,0.0
0.0,0.0,1.0,0.0,0.0,0.2874312314853999,0.13425052701653167,0.3142857142857143,0.0,0.0,0.0,1.0,0.0
0.0,0.0,1.5,0.0,0.0,0.16047397376216674,0.322423166537224,0.45714285714285713,0.0,-1.0,0.0,0.0,1.0
-1.0,-1.0,0.5,0.0,0.0,-0.3327972915785019,0.2110285143681349,-0.5428571428571428,0.0,0.0,0.0,0.0,1.0
-1.0,-1.0,0.0,0.0,0.0,-0.2105797714769361,-0.48130478198158216,-1.4,0.0,0.0,0.0,0.0,1.0
0.0,0.0,0.0,0.0,0.0,2.467033432077867,-0.48130478198158216,0.11428571428571428,0.0,0.0,0.0,0.0,1.0
0.0,-1.0,0.0,0.0,0.0,-0.347355057130766,0.34283812271163877,-0.02857142857142857,0.0,0.0,1.0,0.0,0.0
0.0,0.0,0.0,0.0,0.0,-0.4194667795175624,0.5052701653167647,0.3142857142857143,0.0,0.0,0.0,1.0,0.0
0.0,0.0,1.0,0.0,0.0,0.01388066017774016,-0.48130478198158216,-0.5428571428571428,0.0,0.0,0.0,1.0,0.0
0.0,0.0,0.5,0.0,0.0,-0.37545493017350823,0.3361810717851992,-0.18571428571428572,0.0,0.0,0.0,1.0,0.0
0.0,0.0,0.0,0.0,0.0,0.04536606009310199,0.9717075335626317,1.1285714285714286,0.0,0.0,0.0,1.0,0.0
0.0,0.0,0.0,0.0,0.0,-0.2559458315700381,0.09563963164318207,-0.6857142857142857,0.0,0.0,0.0,0.0,1.0
0.0,0.0,0.0,0.0,0.0,3.630639018197207,-0.48130478198158216,4.4,0.0,0.0,0.0,1.0,0.0
0.0,-1.0,0.5,1.0,1.0,0.0656792213288193,0.5953622545212471,0.42857142857142855,0.0,-1.0,0.0,0.0,1.0
0.0,0.0,0.0,0.0,0.0,0.02302158273381295,-0.12626206590480418,-0.22857142857142856,0.0,0.0,0.0,1.0,0.0
0.0,0.0,1.0,0.0,0.0,-0.5274650867541261,-0.04380340051037388,-0.7142857142857143,-180.0,0.0,0.0,0.0,1.0
-1.0,-1.0,0.0,0.0,0.0,-0.6933559035124841,0.258071674248308,-1.0571428571428572,0.0,0.0,0.0,0.0,1.0
0.0,-1.0,0.0,0.0,0.0,-0.23732543377063056,0.8736269832464219,-0.5571428571428572,0.0,0.0,1.0,0.0,0.0
-1.0,-1.0,0.0,0.0,1.0,-0.4262378332628015,0.2807056473982026,-0.4142857142857143,-60.0,0.0,0.0,1.0,0.0
0.0,0.0,0.0,0.0,0.0,-0.052475666525603044,0.40630200821036283,-0.11428571428571428,0.0,0.0,1.0,0.0,0.0
-1.0,-1.0,0.0,0.0,0.0,0.08971646212441811,-0.48130478198158216,-0.18571428571428572,0.0,0.0,0.0,1.0,0.0
0.0,-1.0,0.0,0.0,0.0,1.9124841303427846,-0.48130478198158216,0.8428571428571429,0.0,0.0,1.0,0.0,0.0
0.0,0.0,0.0,0.0,0.0,-0.26542530681337284,0.5909242205702874,0.15714285714285714,0.0,0.0,1.0,0.0,0.0
0.0,0.0,1.0,0.0,0.0,0.18315700380871774,-0.48130478198158216,-0.014285714285714285,0.0,-1.0,0.0,1.0,0.0
0.0,0.0,1.0,0.0,0.0,-0.23901819720694034,0.2110285143681349,0.08571428571428572,0.0,0.0,0.0,0.0,1.0
0.0,0.0,0.0,0.0,0.0,-0.4997037663986458,0.9983357372683901,0.6285714285714286,0.0,0.0,0.0,1.0,0.0
0.0,0.0,0.5,0.0,0.0,1.0210749047820566,-0.48130478198158216,1.0285714285714285,0.0,0.0,0.0,1.0,0.0
-1.0,0.0,0.5,0.0,0.0,0.2732120186203978,-0.48130478198158216,0.1,0.0,0.0,0.0,0.0,1.0
-1.0,-1.0,0.0,0.0,0.0,0.38628861616589083,0.646399644957284,0.32857142857142857,120.0,0.0,1.0,0.0,0.0
0.0,0.0,0.5,0.0,0.0,-0.6246297079983072,0.8168201486741373,-0.21428571428571427,0.0,0.0,0.0,0.0,1.0
0.0,0.0,0.0,1.0,0.0,-0.6970799830723656,0.8208143792300011,-0.5,0.0,-1.0,0.0,0.0,1.0
-1.0,-1.0,0.0,0.0,0.0,0.38628861616589083,-0.48130478198158216,0.05714285714285714,0.0,0.0,1.0,0.0,0.0
0.0,0.0,0.5,0.0,0.0,-0.7563267033432078,0.3188727393764562,-0.45714285714285713,0.0,0.0,0.0,0.0,1.0
0.0,-1.0,0.0,0.0,0.0,0.04773592890393567,0.628203705758349,0.17142857142857143,0.0,0.0,1.0,0.0,0.0
-1.0,-1.0,0.0,0.0,0.0,-0.03283961066440965,0.258071674248308,0.1,0.0,0.0,1.0,0.0,0.0
-1.0,-1.0,0.0,0.0,0.0,-0.49394837071519254,0.3455009430822146,-0.34285714285714286,0.0,-1.0,0.0,0.0,1.0
0.0,-1.0,0.0,0.0,0.0,5.543461701227254,-0.48130478198158216,5.0285714285714285,0.0,0.0,1.0,0.0,0.0
-1.0,-1.0,0.0,0.0,0.0,-0.31891663140076176,-0.48130478198158216,-0.6285714285714286,0.0,0.0,0.0,1.0,0.0
0.0,-1.0,0.0,1.0,0.0,-0.3155311045281422,0.5860423832242316,-0.24285714285714285,0.0,0.0,0.0,1.0,0.0
-1.0,-1.0,0.0,0.0,0.0,-0.4577232331781633,-0.48130478198158216,-1.0285714285714285,0.0,0.0,1.0,0.0,0.0
0.0,0.0,0.5,1.0,0.0,-0.15573423614049936,0.2465327859758127,-0.24285714285714285,-180.0,0.0,0.0,0.0,1.0
0.0,0.0,1.0,0.0,0.0,-0.04807448159119763,-0.48130478198158216,-0.11428571428571428,0.0,0.0,0.0,1.0,0.0
0.0,0.0,0.5,0.0,1.0,2.0790520524756664,-0.48130478198158216,0.38571428571428573,0.0,0.0,1.0,0.0,0.0
0.0,0.0,0.0,0.0,0.0,-0.49394837071519254,0.4804171751913902,-0.18571428571428572,0.0,0.0,0.0,1.0,0.0
0.0,0.0,1.5,0.0,0.0,0.16352094794752434,-0.39742594030844336,-0.05714285714285714,0.0,0.0,0.0,1.0,0.0
0.0,0.0,1.5,0.0,0.0,3.771815488785442,-0.48130478198158216,2.4571428571428573,0.0,0.0,1.0,0.0,0.0
0.0,0.0,0.5,0.0,1.0,1.6274227676682185,1.7301675357816488,3.5428571428571427,0.0,-1.0,1.0,0.0,0.0
0.0,-1.0,0.0,0.0,0.0,0.3581887431231485,-0.48130478198158216,0.02857142857142857,0.0,-1.0,1.0,0.0,0.0
0.0,0.0,0.0,0.0,1.0,0.6632247143461701,0.47731055142571843,0.8,0.0,0.0,0.0,1.0,0.0
-1.0,0.0,0.0,0.0,0.0,0.16047397376216674,0.6064573393986464,-0.2571428571428571,0.0,0.0,0.0,0.0,1.0
-1.0,-1.0,0.0,0.0,0.0,-0.46009310198899706,-0.48130478198158216,-0.8714285714285714,0.0,0.0,0.0,0.0,1.0
0.0,-1.0,0.5,0.0,0.0,0.17774016081252644,0.3144347054254965,-0.15714285714285714,0.0,0.0,0.0,0.0,1.0
0.0,-1.0,0.0,0.0,0.0,-0.31282268303004657,-0.48130478198158216,-0.42857142857142855,0.0,0.0,0.0,1.0,0.0
0.0,0.0,1.0,0.0,1.0,-0.46009310198899706,1.5601908354598912,0.6857142857142857,0.0,0.0,1.0,0.0,0.0
-1.0,-1.0,0.0,0.0,0.0,0.1019043588658485,-0.48130478198158216,-0.8142857142857143,0.0,0.0,0.0,1.0,0.0
0.0,0.0,1.5,1.0,0.0,-0.41032585696148965,0.22301120603572616,0.6428571428571429,0.0,0.0,1.0,0.0,0.0
-1.0,-1.0,0.0,0.0,0.0,-0.5013965298349555,-0.48130478198158216,-1.1714285714285715,0.0,0.0,1.0,0.0,0.0
0.0,0.0,0.5,1.0,0.0,0.23529411764705882,0.06412959059136802,0.42857142857142855,0.0,0.0,0.0,0.0,1.0
0.0,0.0,1.5,1.0,0.0,-0.23224714346170122,-0.48130478198158216,-0.7714285714285715,0.0,0.0,0.0,1.0,0.0
0.0,0.0,0.0,0.0,0.0,-0.460431654676259,0.6095639631643182,0.45714285714285713,0.0,0.0,0.0,1.0,0.0
0.0,0.0,1.0,1.0,0.0,-0.2627168853152772,0.4808609785864862,-0.02857142857142857,0.0,0.0,0.0,0.0,1.0
0.0,0.0,0.0,0.0,0.0,-0.41777401608125264,2.2924664373682457,0.8428571428571429,0.0,0.0,1.0,0.0,0.0
0.0,0.0,0.0,0.0,0.0,1.7685992382564537,-0.48130478198158216,1.4285714285714286,0.0,0.0,0.0,1.0,0.0
0.0,-1.0,0.0,0.0,0.0,1.6558611933982226,1.3680239653833353,2.5714285714285716,0.0,0.0,1.0,0.0,0.0
0.0,0.0,1.5,0.0,0.0,-0.4038933559035125,0.44313769000332853,-0.4714285714285714,0.0,0.0,1.0,0.0,0.0
-1.0,0.0,0.0,0.0,1.0,0.5555649597968684,-0.48130478198158216,-0.32857142857142857,0.0,-1.0,1.0,0.0,0.0
-1.0,0.0,0.0,0.0,0.0,-0.4861616589081676,-0.25718406745811606,0.02857142857142857,0.0,0.0,0.0,1.0,0.0
0.0,0.0,1.0,0.0,0.0,1.5146847228099873,0.9242205702873627,0.5285714285714286,0.0,0.0,1.0,0.0,0.0
0.0,0.0,0.5,0.0,0.0,0.005416842996191282,-0.48130478198158216,-0.8714285714285714,0.0,0.0,0.0,0.0,1.0
0.0,0.0,0.0,1.0,0.0,-0.29081675835801946,0.258071674248308,-0.4,120.0,-1.0,0.0,0.0,1.0
0.0,0.0,1.5,0.0,0.0,0.44282691493863735,0.9242205702873627,1.0285714285714285,0.0,0.0,0.0,1.0,0.0
-1.0,-1.0,0.5,0.0,0.0,0.29250952179432926,-0.48130478198158216,-0.6714285714285714,0.0,0.0,0.0,1.0,0.0
0.0,0.0,1.0,0.0,0.0,0.38628861616589083,1.1461222678353489,1.542857142857143,0.0,0.0,0.0,1.0,0.0
0.0,0.0,0.0,0.0,0.0,0.30165044435040206,0.5540885387773217,0.02857142857142857,0.0,0.0,0.0,0.0,1.0
0.0,-1.0,0.0,0.0,1.0,1.0031316123571732,-0.48130478198158216,0.18571428571428572,0.0,0.0,1.0,0.0,0.0
0.0,-1.0,0.0,1.0,0.0,0.7979686838764283,-0.48130478198158216,0.07142857142857142,0.0,0.0,1.0,0.0,0.0
0.0,-1.0,0.0,0.0,0.0,-0.46009310198899706,-0.48130478198158216,-0.45714285714285713,120.0,0.0,0.0,1.0,0.0
0.0,0.0,0.5,0.0,0.0,0.8348709267879814,-0.48130478198158216,0.6714285714285714,0.0,0.0,0.0,1.0,0.0
0.0,0.0,0.0,0.0,0.0,5.37316969953449,1.855763896593809,6.314285714285714,0.0,0.0,1.0,0.0,0.0
-1.0,-1.0,0.0,0.0,1.0,4.028776978417266,-0.48130478198158216,-1.042857142857143,0.0,0.0,0.0,1.0,0.0
0.0,0.0,1.0,0.0,0.0,0.4489208633093525,-0.48130478198158216,0.38571428571428573,0.0,0.0,0.0,1.0,0.0
0.0,0.0,1.0,0.0,1.0,1.849851883199323,3.012759347609009,3.6,-60.0,0.0,1.0,0.0,0.0
0.0,-1.0,0.5,0.0,0.0,-0.26982649174777823,0.4005325640741152,-0.24285714285714285,-180.0,-1.0,0.0,0.0,1.0
0.0,0.0,0.0,0.0,0.0,0.32433347439695304,-0.07167424830799955,-0.11428571428571428,-180.0,0.0,0.0,0.0,1.0
0.0,0.0,1.5,0.0,0.0,1.6558611933982226,1.7359369799178963,0.02857142857142857,0.0,0.0,1.0,0.0,0.0
0.0,-1.0,0.0,0.0,0.0,-0.26745662293694455,-0.48130478198158216,-0.8142857142857143,120.0,0.0,0.0,0.0,1.0
0.0,0.0,1.0,0.0,0.0,0.5186627168853153,-0.48130478198158216,0.02857142857142857,0.0,0.0,0.0,0.0,1.0
0.0,-1.0,0.0,0.0,0.0,0.7048666948793906,1.3968711860645735,2.4,0.0,0.0,0.0,1.0,0.0
-1.0,-1.0,0.0,0.0,0.0,0.7248413034278459,-0.48130478198158216,0.4,0.0,0.0,0.0,0.0,1.0
0.0,-1.0,0.0,0.0,1.0,1.1199322894625476,-0.48130478198158216,0.0,0.0,0.0,0.0,0.0,1.0
0.0,0.0,1.0,0.0,0.0,0.23935674989420228,-0.48130478198158216,-0.4,0.0,0.0,0.0,0.0,1.0
0.0,-1.0,0.0,1.0,0.0,-0.5122302158273381,0.22878065017197383,0.05714285714285714,0.0,0.0,0.0,1.0,0.0
0.0,0.0,0.0,0.0,0.0,-0.5166314007617435,0.5913680239653833,0.11428571428571428,0.0,0.0,0.0,0.0,1.0
0.0,0.0,0.0,0.0,0.0,0.551502327549725,-0.48130478198158216,-0.04285714285714286,0.0,0.0,1.0,0.0,0.0
0.0,-1.0,1.5,0.0,0.0,1.7970376639864578,-0.48130478198158216,0.8142857142857143,0.0,0.0,1.0,0.0,0.0
0.0,0.0,1.5,0.0,0.0,1.9111299195937368,-0.48130478198158216,2.1,0.0,0.0,1.0,0.0,0.0
0.0,0.0,1.0,1.0,0.0,-0.6317393144308083,0.23987573504937312,-0.21428571428571427,-180.0,0.0,0.0,1.0,0.0
0.0,0.0,1.0,0.0,0.0,-0.25696148963182397,0.1400199711527793,-0.21428571428571427,0.0,0.0,0.0,0.0,1.0
-1.0,-1.0,0.0,0.0,0.0,-0.22987727465086755,-0.48130478198158216,-0.8142857142857143,0.0,-1.0,0.0,0.0,1.0
0.0,0.0,0.0,0.0,0.0,-0.27964451967837495,0.1662043714634417,-0.4714285714285714,0.0,0.0,0.0,0.0,1.0
0.0,-1.0,0.0,1.0,0.0,0.014557765552264072,0.258071674248308,-0.2714285714285714,0.0,0.0,1.0,0.0,0.0
-1.0,-1.0,0.0,0.0,0.0,-0.7986457892509522,0.3175413291911683,-0.35714285714285715,0.0,-1.0,0.0,1.0,0.0
0.0,0.0,1.0,1.0,0.0,-0.32839610664409646,-0.48130478198158216,-1.1857142857142857,-180.0,-1.0,0.0,0.0,1.0
0.0,-1.0,0.0,1.0,0.0,-0.3737621667371985,-0.48130478198158216,-0.9,-60.0,0.0,1.0,0.0,0.0
0.0,-1.0,0.0,0.0,0.0,-0.46009310198899706,8.394763119937867,-0.35714285714285715,0.0,0.0,0.0,1.0,0.0
-1.0,-1.0,0.0,1.0,0.0,-0.641895895048667,-0.48130478198158216,-1.0714285714285714,0.0,0.0,0.0,1.0,0.0
-1.0,-1.0,0.0,0.0,1.0,1.2126957257723232,-0.48130478198158216,0.9428571428571428,0.0,0.0,1.0,0.0,0.0
-1.0,-1.0,0.0,0.0,0.0,0.23292424883622515,-0.48130478198158216,-0.18571428571428572,0.0,0.0,0.0,1.0,0.0
0.0,0.0,0.0,1.0,0.0,-0.5728311468472281,0.5838233662487518,-0.18571428571428572,0.0,0.0,0.0,0.0,1.0
-1.0,-1.0,0.0,1.0,0.0,-0.5572577232331781,-0.48130478198158216,-0.8857142857142857,0.0,0.0,1.0,0.0,0.0
0.0,0.0,0.5,0.0,0.0,1.5035124841303429,-0.48130478198158216,0.34285714285714286,-60.0,-1.0,0.0,1.0,0.0
0.0,0.0,1.5,0.0,0.0,26.116292848074483,-0.48130478198158216,3.3142857142857145,0.0,-1.0,1.0,0.0,0.0
-1.0,-1.0,0.5,1.0,1.0,0.002708421498095641,-0.48130478198158216,-0.9428571428571428,0.0,0.0,0.0,1.0,0.0
0.0,0.0,0.0,1.0,0.0,0.7573423614049937,-0.48130478198158216,1.2857142857142858,0.0,-1.0,1.0,0.0,0.0
0.0,0.0,0.0,1.0,0.0,-0.5437156157427,0.4209475202485299,-0.2571428571428571,0.0,0.0,1.0,0.0,0.0
-1.0,0.0,0.0,1.0,0.0,-0.5789250952179433,0.9552868079440807,0.7142857142857143,0.0,-1.0,0.0,1.0,0.0
-1.0,-1.0,0.0,0.0,0.0,-0.29250952179432926,-0.48130478198158216,-0.9714285714285714,0.0,0.0,0.0,0.0,1.0
-1.0,-1.0,0.5,0.0,0.0,-0.4262378332628015,-0.48130478198158216,0.45714285714285713,0.0,0.0,0.0,0.0,1.0
0.0,0.0,1.0,0.0,1.0,-0.7647905205247567,8.394763119937867,1.5857142857142856,0.0,0.0,0.0,0.0,1.0
0.0,0.0,0.0,0.0,0.0,-0.9594583157003809,0.7493620326195496,-0.22857142857142856,0.0,0.0,1.0,0.0,0.0
0.0,0.0,0.0,0.0,0.0,-0.2075327972915785,0.14756462886941085,0.14285714285714285,0.0,0.0,0.0,1.0,0.0
0.0,0.0,0.0,0.0,0.0,0.6669487939060517,-0.48130478198158216,0.14285714285714285,0.0,0.0,1.0,0.0,0.0
0.0,0.0,0.0,0.0,0.0,-0.6903089293271265,0.28159325418839454,-0.4,0.0,0.0,0.0,0.0,1.0
0.0,0.0,0.0,0.0,0.0,3.7311891663140075,-0.48130478198158216,-0.45714285714285713,0.0,0.0,0.0,1.0,0.0
0.0,0.0,0.0,0.0,0.0,-0.4038933559035125,1.4270498169310994,-0.1,0.0,0.0,1.0,0.0,0.0
-1.0,-1.0,0.5,1.0,0.0,0.2528988573846805,-0.48130478198158216,-0.6714285714285714,0.0,0.0,1.0,0.0,0.0
0.0,0.0,1.0,0.0,0.0,0.7028353787558189,-0.48130478198158216,0.07142857142857142,0.0,0.0,0.0,1.0,0.0
0.0,0.0,0.0,0.0,0.0,-0.3179009733389759,-0.4741506708798402,-0.5857142857142857,0.0,0.0,1.0,0.0,0.0
0.0,-1.0,0.0,1.0,0.0,-0.3866271688531528,-0.48130478198158216,-0.9714285714285714,-180.0,0.0,0.0,0.0,1.0
-1.0,-1.0,0.5,0.0,1.0,1.6132035548032162,-0.48130478198158216,0.3142857142857143,0.0,0.0,0.0,1.0,0.0
0.0,-1.0,0.0,0.0,0.0,0.8941176470588236,-0.48130478198158216,-0.32857142857142857,0.0,-1.0,1.0,0.0,0.0
0.0,0.0,0.0,0.0,0.0,-0.48548455353364367,0.5571951625429935,0.21428571428571427,0.0,0.0,0.0,1.0,0.0
0.0,-1.0,0.0,0.0,0.0,-0.03690224291155311,-0.48130478198158216,-0.4,0.0,0.0,0.0,0.0,1.0
0.0,-1.0,0.0,0.0,0.0,-0.6544223444773593,0.3401753023410629,-1.1142857142857143,0.0,0.0,0.0,1.0,0.0
0.0,-1.0,0.0,0.0,1.0,2.2198899703766397,-0.48130478198158216,0.8428571428571429,0.0,-1.0,0.0,0.0,1.0
-1.0,0.0,0.0,1.0,1.0,1.1114684722809987,-0.48130478198158216,0.14285714285714285,0.0,0.0,1.0,0.0,0.0
0.0,-1.0,0.0,0.0,0.0,-0.06737198476512907,1.7661156107844225,0.8428571428571429,0.0,0.0,0.0,1.0,0.0
0.0,0.0,0.0,0.0,0.0,1.3684299619128226,0.3321868412293354,0.7428571428571429,0.0,0.0,1.0,0.0,0.0
0.0,-1.0,1.5,1.0,0.0,0.28709267879813793,0.403195384444691,0.2857142857142857,0.0,0.0,0.0,1.0,0.0
0.0,-1.0,0.5,0.0,0.0,11.4633939906898,-0.48130478198158216,0.34285714285714286,0.0,0.0,0.0,1.0,0.0
0.0,0.0,0.5,0.0,1.0,-0.13305120609394838,0.05569732608454454,0.02857142857142857,0.0,0.0,1.0,0.0,0.0
0.0,0.0,1.0,1.0,0.0,0.26847228099873044,-0.48130478198158216,-0.2571428571428571,0.0,0.0,1.0,0.0,0.0
0.0,0.0,1.0,0.0,0.0,-0.17570884468895473,0.2775990236325308,0.3142857142857143,0.0,-1.0,1.0,0.0,0.0
0.0,0.0,1.0,1.0,0.0,-0.5247566652560305,0.07566847886386331,-0.04285714285714286,0.0,-1.0,1.0,0.0,0.0
0.0,0.0,0.0,0.0,0.0,0.030131189166314007,0.28780650171973815,0.3,0.0,-1.0,1.0,0.0,0.0
0.0,0.0,0.0,0.0,0.0,-0.4658484976724503,0.613114390325086,-0.5428571428571428,-180.0,-1.0,1.0,0.0,0.0
0.0,-1.0,0.0,0.0,1.0,1.0921709691070673,-0.48130478198158216,-0.6285714285714286,0.0,0.0,0.0,1.0,0.0
0.0,0.0,1.0,0.0,0.0,0.0,-0.48130478198158216,-0.45714285714285713,0.0,0.0,0.0,1.0,0.0
0.0,0.0,0.0,0.0,0.0,0.14964028776978416,-0.48130478198158216,-0.14285714285714285,0.0,0.0,0.0,0.0,1.0
0.0,0.0,0.0,0.0,0.0,-0.051121455776555226,0.6588261400199712,0.6428571428571429,0.0,0.0,0.0,0.0,1.0
0.0,-1.0,1.0,0.0,0.0,0.1675835801946678,-0.48130478198158216,0.11428571428571428,0.0,0.0,1.0,0.0,0.0
0.0,0.0,0.0,0.0,0.0,1.5150232754972492,-0.48130478198158216,0.45714285714285713,0.0,0.0,0.0,1.0,0.0
0.0,0.0,1.5,0.0,0.0,1.313922979263648,-0.48130478198158216,0.0,-180.0,0.0,0.0,0.0,1.0
0.0,0.0,0.0,0.0,0.0,-0.28573846804909014,0.48973704648840566,0.35714285714285715,0.0,0.0,1.0,0.0,0.0
0.0,-1.0,0.0,0.0,0.0,0.10393567498942023,-0.48130478198158216,-0.42857142857142855,0.0,-1.0,0.0,1.0,0.0
0.0,-1.0,0.0,0.0,0.0,0.7248413034278459,-0.48130478198158216,0.17142857142857143,0.0,0.0,1.0,0.0,0.0
0.0,0.0,1.5,1.0,0.0,-0.3087600507829031,0.25718406745811606,-0.8285714285714286,-180.0,-1.0,0.0,0.0,1.0
0.0,0.0,0.0,0.0,0.0,0.16047397376216674,0.6064573393986464,-0.2571428571428571,0.0,0.0,0.0,0.0,1.0
0.0,0.0,0.5,0.0,1.0,-0.13846804909013966,0.4413624764229446,0.4857142857142857,0.0,0.0,0.0,1.0,0.0
0.0,0.0,0.5,1.0,0.0,-0.4082945408379179,0.18440031066237655,-0.21428571428571427,-180.0,-1.0,1.0,0.0,0.0
0.0,0.0,1.5,0.0,0.0,0.28167583580194666,-0.48130478198158216,-0.4,0.0,0.0,0.0,1.0,0.0
0.0,-1.0,1.0,0.0,0.0,0.5663986457892509,1.5814933984244979,0.4857142857142857,0.0,0.0,1.0,0.0,0.0
0.0,0.0,1.0,0.0,1.0,4.288108336859924,-0.03128813935426606,0.3142857142857143,0.0,0.0,1.0,0.0,0.0
0.0,0.0,1.0,0.0,0.0,0.9618281845112145,0.2953511594363697,1.457142857142857,-60.0,0.0,0.0,1.0,0.0
0.0,0.0,0.5,0.0,1.0,4.336182818451121,0.517252856984356,-0.6,0.0,0.0,0.0,1.0,0.0
-1.0,-1.0,0.0,1.0,0.0,0.16622936944561997,-0.48130478198158216,0.37142857142857144,0.0,0.0,1.0,0.0,0.0
0.0,0.0,1.5,1.0,0.0,-0.2586542530681337,-0.48130478198158216,-0.21428571428571427,0.0,0.0,1.0,0.0,0.0
0.0,0.0,0.0,0.0,0.0,-0.6012695725772323,0.9166759125707311,0.0,0.0,0.0,0.0,1.0,0.0
0.0,0.0,0.0,0.0,0.0,2.361066440964875,-0.48130478198158216,1.5142857142857142,0.0,0.0,0.0,1.0,0.0
0.0,0.0,1.0,0.0,0.0,1.5146847228099873,-0.48130478198158216,1.6857142857142857,0.0,0.0,0.0,1.0,0.0
0.0,0.0,0.5,1.0,0.0,-0.6435886584849767,0.5998002884722068,0.04285714285714286,0.0,0.0,1.0,0.0,0.0
0.0,-1.0,1.0,0.0,0.0,-0.10562843842573,-0.48130478198158216,-0.6857142857142857,0.0,-1.0,1.0,0.0,0.0
0.0,0.0,0.5,0.0,0.0,4.900211595429539,-0.48130478198158216,5.314285714285714,0.0,0.0,0.0,0.0,1.0
0.0,0.0,1.0,0.0,1.0,0.2451121455776555,0.44313769000332853,0.45714285714285713,0.0,0.0,0.0,1.0,0.0
0.0,-1.0,0.0,0.0,0.0,-0.4820990266610241,-0.48130478198158216,-0.7571428571428571,0.0,0.0,0.0,0.0,1.0
0.0,-1.0,0.0,1.0,0.0,-0.05687685146000846,-0.48130478198158216,-0.2571428571428571,0.0,0.0,1.0,0.0,0.0
-1.0,-1.0,0.0,1.0,1.0,4.537960220059246,-0.48130478198158216,1.3857142857142857,0.0,0.0,0.0,1.0,0.0
0.0,0.0,0.0,0.0,0.0,-0.08870080406263224,0.4759791412404305,-0.12857142857142856,0.0,-1.0,1.0,0.0,0.0
-1.0,0.0,0.5,0.0,0.0,-0.18044858231062208,-0.07611228225895929,-0.32857142857142857,-276.0,0.0,0.0,1.0,0.0
0.0,0.0,0.0,1.0,0.0,-0.4262378332628015,0.27316098968157104,-0.3,0.0,0.0,1.0,0.0,0.0
0.0,0.0,0.5,0.0,1.0,-0.32636479052052475,-0.48130478198158216,-0.4714285714285714,0.0,0.0,0.0,1.0,0.0
0.0,-1.0,0.0,0.0,0.0,0.8206517139229793,1.4785310107622323,1.1571428571428573,0.0,-1.0,1.0,0.0,0.0
-1.0,-1.0,0.0,0.0,0.0,-1.0881083368599238,1.1532231221568845,-0.21428571428571427,120.0,0.0,1.0,0.0,0.0
-1.0,-1.0,0.0,0.0,0.0,-0.2369868810833686,-0.48130478198158216,-0.4,0.0,0.0,0.0,1.0,0.0
0.0,0.0,1.0,0.0,0.0,0.34058400338552686,2.014645512038167,1.1428571428571428,0.0,0.0,0.0,1.0,0.0
0.0,0.0,0.0,1.0,0.0,-0.01523487092678798,0.17685565294574504,-0.05714285714285714,-60.0,0.0,0.0,1.0,0.0
0.0,0.0,1.0,0.0,0.0,-0.11815488785442234,1.4785310107622323,1.6428571428571428,0.0,0.0,1.0,0.0,0.0
0.0,0.0,0.0,0.0,1.0,-0.4672027084214981,0.8558748474425829,0.8571428571428571,0.0,0.0,0.0,0.0,1.0
-1.0,-1.0,0.5,0.0,0.0,3.183410918324164,-0.48130478198158216,-1.2571428571428571,0.0,0.0,0.0,0.0,1.0
0.0,-1.0,0.0,1.0,0.0,-0.0883622513753703,0.08987018750693443,-0.4,0.0,0.0,1.0,0.0,0.0
0.0,0.0,0.5,0.0,0.0,0.746847228099873,0.4080772217907467,1.7428571428571429,0.0,0.0,0.0,1.0,0.0
0.0,0.0,1.0,0.0,0.0,-0.19500634786288615,0.42183512703872184,0.2857142857142857,0.0,0.0,0.0,0.0,1.0
0.0,0.0,0.0,0.0,0.0,-0.5853575962759204,2.4770886497281706,-0.8285714285714286,-180.0,0.0,0.0,1.0,0.0
0.0,-1.0,0.0,0.0,0.0,0.6622090562843843,1.145678464440253,2.6142857142857143,0.0,0.0,1.0,0.0,0.0
0.0,0.0,1.5,0.0,0.0,-0.13305120609394838,1.0400532564074114,0.3142857142857143,0.0,0.0,1.0,0.0,0.0
-1.0,0.0,1.0,0.0,0.0,-0.618874312314854,0.24298235881504493,-0.21428571428571427,120.0,0.0,0.0,1.0,0.0
0.0,-1.0,0.0,0.0,0.0,0.278967414303851,0.3685787196272052,0.8142857142857143,0.0,0.0,0.0,1.0,0.0
-1.0,-1.0,0.0,1.0,0.0,-0.1553956834532374,-0.48130478198158216,-0.4714285714285714,0.0,0.0,1.0,0.0,0.0
0.0,0.0,1.0,1.0,0.0,-0.5643673296656793,0.2918007322756019,-1.1857142857142857,0.0,0.0,0.0,1.0,0.0
0.0,-1.0,0.0,0.0,0.0,-0.46009310198899706,-0.48130478198158216,-1.042857142857143,0.0,0.0,0.0,1.0,0.0
0.0,0.0,1.5,0.0,1.0,0.6154887854422344,0.15067125263508266,-0.4,0.0,0.0,1.0,0.0,0.0
0.0,0.0,1.0,0.0,1.0,1.3843419382141346,2.6989903472761565,5.0285714285714285,0.0,0.0,1.0,0.0,0.0
0.0,0.0,1.0,0.0,1.0,4.61819720694033,-0.48130478198158216,3.8857142857142857,0.0,0.0,1.0,0.0,0.0
0.0,0.0,0.0,0.0,0.0,-0.02843842573000423,-0.48130478198158216,-0.2571428571428571,0.0,0.0,0.0,1.0,0.0
0.0,0.0,0.5,1.0,0.0,0.48277613203554803,0.1533340730056585,0.4714285714285714,0.0,-1.0,0.0,1.0,0.0
0.0,-1.0,0.5,1.0,0.0,-0.39949217096910705,0.09652723843337402,-0.4857142857142857,0.0,0.0,0.0,1.0,0.0
0.0,-1.0,0.0,1.0,0.0,0.9899280575539569,-0.48130478198158216,0.02857142857142857,0.0,0.0,0.0,1.0,0.0
0.0,0.0,1.5,0.0,0.0,0.14286923402454507,-0.48130478198158216,-0.4,0.0,0.0,0.0,0.0,1.0
0.0,-1.0,1.0,0.0,0.0,-0.09174777824798984,-0.48130478198158216,-0.2571428571428571,0.0,-1.0,1.0,0.0,0.0
-1.0,-1.0,0.0,1.0,1.0,4.84333474396953,-0.48130478198158216,-0.04285714285714286,0.0,0.0,0.0,0.0,1.0
0.0,0.0,0.0,0.0,0.0,0.769868810833686,1.2521912792632863,2.8,0.0,0.0,0.0,0.0,1.0
0.0,-1.0,1.0,0.0,0.0,-0.08192975031739315,-0.48130478198158216,-0.3,0.0,0.0,0.0,1.0,0.0
0.0,0.0,0.0,1.0,0.0,-0.31891663140076176,-0.2434261622101409,-0.8857142857142857,0.0,0.0,1.0,0.0,0.0
0.0,0.0,1.5,0.0,0.0,0.8660177740160813,-0.48130478198158216,0.4142857142857143,-180.0,0.0,1.0,0.0,0.0
-1.0,0.0,0.5,0.0,0.0,0.2535759627592044,0.7813158770664596,0.17142857142857143,-180.0,0.0,0.0,1.0,0.0
-1.0,-1.0,0.0,0.0,0.0,-0.5826491747778249,-0.48130478198158216,-0.4142857142857143,0.0,-1.0,0.0,1.0,0.0
0.0,0.0,0.5,1.0,0.0,-0.5484553533643673,0.6388549872406524,0.0,0.0,0.0,0.0,0.0,1.0
0.0,0.0,0.0,0.0,0.0,-0.3693609818027931,0.3841118384555642,0.38571428571428573,0.0,0.0,1.0,0.0,0.0
0.0,-1.0,0.0,1.0,0.0,-0.16961489631823953,-0.48130478198158216,-0.6857142857142857,-324.0,0.0,0.0,1.0,0.0
0.0,-1.0,0.0,0.0,0.0,-0.4512907321201862,0.3099966714745368,0.24285714285714285,0.0,0.0,1.0,0.0,0.0
-1.0,-1.0,0.0,0.0,0.0,0.38628861616589083,-0.48130478198158216,-0.35714285714285715,0.0,-1.0,0.0,1.0,0.0
0.0,0.0,0.0,0.0,0.0,-0.3636055861193398,0.4134028625318984,-0.2571428571428571,0.0,0.0,1.0,0.0,0.0
0.0,0.0,0.5,0.0,0.0,-0.1780787134997884,0.9610562520803284,0.42857142857142855,0.0,0.0,0.0,0.0,1.0
0.0,0.0,0.0,1.0,0.0,-0.47566652560304695,0.5540885387773217,0.7571428571428571,0.0,-1.0,0.0,0.0,1.0
0.0,0.0,0.0,0.0,0.0,-0.09005501481168007,1.4119605014978365,0.05714285714285714,-180.0,-1.0,1.0,0.0,0.0
0.0,0.0,0.5,0.0,0.0,0.5447312738044858,-0.023299678242538556,-1.457142857142857,0.0,0.0,0.0,1.0,0.0
0.0,0.0,1.5,0.0,1.0,2.1261108760050784,-0.48130478198158216,1.8857142857142857,0.0,0.0,0.0,1.0,0.0
0.0,0.0,0.0,0.0,0.0,0.009479475243334744,0.7032064795295684,0.4857142857142857,0.0,0.0,0.0,1.0,0.0
-1.0,0.0,0.0,0.0,0.0,0.1086754126110876,0.5421058471097304,0.7714285714285715,0.0,0.0,0.0,1.0,0.0
0.0,0.0,1.0,1.0,0.0,-0.06229369445619975,-0.37390436036835684,-0.2857142857142857,0.0,0.0,0.0,1.0,0.0
-1.0,0.0,0.5,0.0,1.0,5.289885738468049,-0.48130478198158216,6.742857142857143,0.0,0.0,0.0,1.0,0.0
0.0,0.0,0.0,0.0,0.0,0.6987727465086754,0.43026739154554533,1.1857142857142857,0.0,0.0,1.0,0.0,0.0
0.0,-1.0,0.0,1.0,1.0,0.657130765975455,-0.48130478198158216,0.05714285714285714,0.0,0.0,0.0,1.0,0.0
0.0,0.0,1.0,0.0,0.0,1.6724502750740584,-0.48130478198158216,1.8571428571428572,0.0,-1.0,0.0,0.0,1.0
0.0,-1.0,0.0,0.0,0.0,-0.1780787134997884,-0.48130478198158216,-0.8285714285714286,0.0,0.0,0.0,0.0,1.0
0.0,0.0,1.5,0.0,0.0,-0.1553956834532374,0.628203705758349,-0.07142857142857142,0.0,-1.0,1.0,0.0,0.0
-1.0,-1.0,0.0,0.0,0.0,-0.5013965298349555,-0.48130478198158216,-1.7,0.0,0.0,0.0,0.0,1.0
0.0,0.0,0.0,0.0,0.0,-0.23461701227253492,0.43470542549650504,-0.34285714285714286,0.0,-1.0,0.0,0.0,1.0
0.0,0.0,0.5,0.0,0.0,-0.14964028776978416,0.2953511594363697,0.8285714285714286,0.0,0.0,0.0,0.0,1.0
0.0,0.0,1.0,0.0,0.0,4.33584426576386,-0.48130478198158216,2.1,0.0,0.0,0.0,0.0,1.0
0.0,0.0,1.0,1.0,0.0,0.7671603893355904,0.23987573504937312,0.8428571428571429,120.0,0.0,0.0,1.0,0.0
0.0,0.0,1.5,0.0,0.0,0.8622936944561997,-0.48130478198158216,0.3142857142857143,0.0,0.0,0.0,1.0,0.0
0.0,0.0,1.0,0.0,0.0,-0.2369868810833686,-0.27671141684233885,-0.2857142857142857,-276.0,0.0,0.0,0.0,1.0
0.0,-1.0,0.0,0.0,0.0,-0.21328819297503174,0.7342727171862865,-0.2571428571428571,0.0,0.0,0.0,0.0,1.0
0.0,0.0,0.5,0.0,0.0,-0.7031739314430808,0.5092643958726284,-0.3,0.0,0.0,1.0,0.0,0.0
0.0,0.0,1.0,0.0,0.0,0.9076597545493017,-0.48130478198158216,1.1,0.0,0.0,0.0,1.0,0.0
0.0,-1.0,0.0,0.0,0.0,-0.6848920863309352,14.535670697880839,-0.5428571428571428,0.0,0.0,0.0,0.0,1.0
-1.0,0.0,0.0,0.0,0.0,-0.23461701227253492,-0.48130478198158216,-1.3142857142857143,0.0,0.0,0.0,1.0,0.0
0.0,0.0,0.5,0.0,0.0,-0.36292848074481593,0.3694663264173971,0.2571428571428571,0.0,-1.0,1.0,0.0,0.0
0.0,0.0,0.5,0.0,0.0,0.14354633939906897,0.8501054033063353,0.6285714285714286,-276.0,0.0,1.0,0.0,0.0
0.0,0.0,0.0,0.0,0.0,-0.5288192975031739,0.19416398535448795,-0.34285714285714286,0.0,0.0,0.0,0.0,1.0
-1.0,-1.0,0.0,1.0,0.0,-0.5735082522217521,-0.48130478198158216,-0.8285714285714286,0.0,0.0,0.0,1.0,0.0
0.0,0.0,1.0,0.0,1.0,-0.3835801946677952,-0.48130478198158216,-0.3142857142857143,0.0,-1.0,0.0,1.0,0.0
0.0,0.0,0.0,0.0,0.0,-0.29081675835801946,1.03472761566626,-1.0285714285714285,-180.0,0.0,0.0,1.0,0.0
0.0,0.0,1.0,0.0,1.0,0.7248413034278459,-0.48130478198158216,1.1,-120.0,0.0,0.0,1.0,0.0
0.0,0.0,0.0,0.0,0.0,0.0,0.983246421835127,0.2,-180.0,0.0,1.0,0.0,0.0
0.0,0.0,0.0,0.0,1.0,4.150994498518832,-0.48130478198158216,1.8857142857142857,0.0,0.0,0.0,0.0,1.0
0.0,-1.0,0.0,1.0,0.0,-0.008802369868810833,-0.48130478198158216,-0.2571428571428571,0.0,0.0,1.0,0.0,0.0
0.0,0.0,1.0,1.0,1.0,0.8545069826491748,-0.037501386885609674,0.8428571428571429,0.0,0.0,1.0,0.0,0.0
0.0,0.0,0.0,0.0,1.0,2.066525603046974,-0.48130478198158216,0.7428571428571429,0.0,0.0,1.0,0.0,0.0
0.0,0.0,1.0,0.0,0.0,0.6503597122302158,-0.48130478198158216,0.9142857142857143,0.0,0.0,0.0,0.0,1.0
0.0,0.0,1.5,0.0,0.0,0.6242911553110453,-0.48130478198158216,0.0,0.0,0.0,0.0,0.0,1.0
0.0,-1.0,0.0,0.0,0.0,-0.061955141768937794,1.4274936203261954,0.6285714285714286,0.0,0.0,1.0,0.0,0.0
-1.0,0.0,0.5,0.0,0.0,2.756157426999577,-0.48130478198158216,5.257142857142857,0.0,0.0,0.0,1.0,0.0
0.0,0.0,0.5,0.0,0.0,-0.1553956834532374,0.628203705758349,0.6428571428571429,0.0,0.0,0.0,1.0,0.0
0.0,0.0,1.0,1.0,0.0,0.04333474396953026,0.14490180849883502,0.4142857142857143,0.0,0.0,1.0,0.0,0.0
0.0,0.0,0.0,0.0,0.0,-0.21227253491324588,0.3841118384555642,-0.2857142857142857,0.0,0.0,1.0,0.0,0.0
-1.0,-1.0,0.0,0.0,0.0,-0.324672027084215,-0.48130478198158216,-0.8142857142857143,0.0,0.0,1.0,0.0,0.0
0.0,0.0,1.5,0.0,0.0,0.08362251375370292,-0.48130478198158216,-1.2571428571428571,-180.0,0.0,1.0,0.0,0.0
0.0,0.0,0.5,0.0,0.0,1.426322471434617,-0.3747919671585488,1.7857142857142858,0.0,0.0,0.0,0.0,1.0
0.0,0.0,1.0,0.0,0.0,1.260770207363521,-0.48130478198158216,0.8428571428571429,0.0,0.0,0.0,0.0,1.0
-1.0,-1.0,0.0,0.0,1.0,0.2451121455776555,-0.48130478198158216,0.07142857142857142,0.0,-1.0,0.0,1.0,0.0
